{
  "cluster_values": [
    0.28455945575993086,
    0.2298084813782588,
    0.271282158178664,
    0.3247188096415348,
    0.3978310010467061,
    0.0,
    0.5553695986548965,
    0.7615621056642736
  ],
  "cluster_q_values": [
    [
      0.49805114845186377,
      0.49350993582754593,
      0.4467416772412914,
      0.4541773194670029
    ],
    [
      0.39041641485459366,
      0.3170699215336428,
      0.386651913883735,
      0.5139974943631234
    ],
    [
      0.4259064295690421,
      0.45072884089792054,
      0.5172549686460993,
      0.3763291913384549
    ],
    [
      0.40841299824736294,
      0.4515900791128821,
      0.45259087324404945,
      0.5467989265331129
    ],
    [
      0.44497137565543354,
      0.6103504326765901,
      0.40785175384568795,
      0.40368402291255573
    ],
    [
      0.0,
      0.0,
      0.0,
      0.0
    ],
    [
      0.3334313010758323,
      0.5030779334500637,
      0.7547140200479302,
      0.4528888654323001
    ],
    [
      0.7228132248986189,
      0.8925102714033815,
      0.7896604059742486,
      0.7465525222834636
    ]
  ],
  "transition_matrix": [
    [
      0.843024324489921,
      0.0135408369585197,
      0.010232216163225293,
      0.1332026223883341,
      0.0,
      0.0,
      0.0,
      0.0
    ],
    [
      0.31569664902998235,
      0.31746031746031744,
      0.36684303350970016,
      0.0,
      0.0,
      0.0,
      0.0,
      0.0
    ],
    [
      0.0,
      0.08478038815117468,
      0.6164453524004087,
      0.0,
      0.1624106230847804,
      0.0,
      0.0,
      0.1363636363636364
    ],
    [
      0.3184421534936999,
      0.0,
      0.0,
      0.3237113402061856,
      0.33447880870561286,
      0.023367697594501715,
      0.0,
      0.0
    ],
    [
      0.0,
      0.0,
      0.3499782891880156,
      0.3404255319148936,
      0.0,
      0.0,
      0.3095961788970907,
      0.0
    ],
    [
      0.0,
      0.0,
      0.0,
      0.0,
      0.0,
      0.0,
      0.0,
      0.0
    ],
    [
      0.0,
      0.0,
      0.0,
      0.0,
      0.3365261813537676,
      0.022349936143039595,
      0.3180076628352491,
      0.3231162196679439
    ],
    [
      0.0,
      0.0,
      0.36781609195402293,
      0.0,
      0.0,
      0.0,
      0.3147656940760388,
      0.3174182139699381
    ]
  ],
  "bottlenecks": [
    2
  ],
  "optimal_path": [
    0,
    3,
    4,
    2
  ],
  "entropies": [
    0.7467604418632622,
    1.5813706342138505,
    1.549939532864215,
    1.707583224294023,
    1.5830152391040238,
    0.0,
    1.703574123426985,
    1.581156338381326
  ]
}