{
  "name": "MonteCarlo_value",
  "value_statistics": {
    "min": 0.0,
    "max": 0.7559426747978989,
    "mean": 0.2673584162656859,
    "std": 0.2296369217106087
  },
  "topology_features": {
    "local_maxima": [
      {
        "state": 14,
        "value": 0.7559426747978989,
        "position": [
          3,
          2
        ]
      }
    ],
    "avg_gradient": 0.315830268343645,
    "max_gradient": 0.7559426747978989,
    "n_contours_at_mean": 2,
    "value_range": [
      0.0,
      0.7559426747978989
    ],
    "value_mean": 0.2673584162656859,
    "value_std": 0.2296369217106087,
    "value_entropy": 1.890362774538868
  },
  "value_clusters": [
    {
      "id": 0,
      "level": 0.0,
      "states": [
        0,
        1,
        2,
        3,
        4,
        5,
        6,
        7,
        8,
        9,
        10,
        11,
        12,
        13,
        14,
        15
      ],
      "size": 16,
      "value_range": [
        0.0,
        0.7559426747978989
      ],
      "is_high_value": true,
      "centroid": [
        1.5,
        1.5
      ],
      "boundary_states": [],
      "avg_value": 0.37797133739894945
    },
    {
      "id": 1,
      "level": 0.1511885349595798,
      "states": [
        0,
        1,
        2,
        3,
        4,
        6,
        8,
        9,
        10,
        13,
        14
      ],
      "size": 11,
      "value_range": [
        0.21942576312050993,
        0.7559426747978989
      ],
      "is_high_value": true,
      "centroid": [
        1.2727272727272727,
        1.2727272727272727
      ],
      "boundary_states": [
        1,
        4,
        8,
        3,
        6,
        9,
        10,
        13,
        14
      ],
      "avg_value": 0.48768421895920444
    },
    {
      "id": 2,
      "level": 0.3023770699191596,
      "states": [
        4,
        8,
        9,
        10,
        13,
        14
      ],
      "size": 6,
      "value_range": [
        0.3358630516848719,
        0.7559426747978989
      ],
      "is_high_value": true,
      "centroid": [
        2.1666666666666665,
        1.0
      ],
      "boundary_states": [
        4,
        8,
        9,
        10,
        13,
        14
      ],
      "avg_value": 0.5459028632413854
    },
    {
      "id": 3,
      "level": 0.45356560487873937,
      "states": [
        9,
        10,
        13,
        14
      ],
      "size": 4,
      "value_range": [
        0.47409920847018205,
        0.7559426747978989
      ],
      "is_high_value": true,
      "centroid": [
        2.5,
        1.5
      ],
      "boundary_states": [
        9,
        10,
        13,
        14
      ],
      "avg_value": 0.6150209416340404
    },
    {
      "id": 4,
      "level": 0.6047541398383192,
      "states": [
        13,
        14
      ],
      "size": 2,
      "value_range": [
        0.6211758053109909,
        0.7559426747978989
      ],
      "is_high_value": true,
      "centroid": [
        3.0,
        1.5
      ],
      "boundary_states": [
        13,
        14
      ],
      "avg_value": 0.6885592400544449
    }
  ],
  "state_to_cluster": {
    "0": 1,
    "1": 1,
    "4": 2,
    "2": 1,
    "5": 0,
    "8": 2,
    "3": 1,
    "6": 1,
    "9": 3,
    "12": 0,
    "7": 0,
    "10": 3,
    "13": 4,
    "11": 0,
    "14": 4,
    "15": 0
  }
}