{
  "name": "SARSA_value",
  "value_statistics": {
    "min": 0.0,
    "max": 0.9547834377393281,
    "mean": 0.31850415186818304,
    "std": 0.30143403860219875
  },
  "topology_features": {
    "local_maxima": [
      {
        "state": 14,
        "value": 0.9547834377393281,
        "position": [
          3,
          2
        ]
      }
    ],
    "avg_gradient": 0.40143662419966275,
    "max_gradient": 0.9547834377393281,
    "n_contours_at_mean": 2,
    "value_range": [
      0.0,
      0.9547834377393281
    ],
    "value_mean": 0.31850415186818304,
    "value_std": 0.30143403860219875,
    "value_entropy": 1.6020559148587261
  },
  "value_clusters": [
    {
      "id": 0,
      "level": 0.0,
      "states": [
        0,
        1,
        2,
        3,
        4,
        5,
        6,
        7,
        8,
        9,
        10,
        11,
        12,
        13,
        14,
        15
      ],
      "size": 16,
      "value_range": [
        0.0,
        0.9547834377393281
      ],
      "is_high_value": true,
      "centroid": [
        1.5,
        1.5
      ],
      "boundary_states": [],
      "avg_value": 0.47739171886966403
    },
    {
      "id": 1,
      "level": 0.1909566875478656,
      "states": [
        0,
        1,
        2,
        4,
        6,
        8,
        9,
        10,
        13,
        14
      ],
      "size": 10,
      "value_range": [
        0.19887634698186346,
        0.9547834377393281
      ],
      "is_high_value": true,
      "centroid": [
        1.4,
        1.1
      ],
      "boundary_states": [
        1,
        4,
        2,
        8,
        6,
        9,
        10,
        13,
        14
      ],
      "avg_value": 0.5768298923605958
    },
    {
      "id": 2,
      "level": 0.3819133750957312,
      "states": [
        0,
        4,
        8,
        9,
        10,
        13,
        14
      ],
      "size": 7,
      "value_range": [
        0.4761891971457722,
        0.9547834377393281
      ],
      "is_high_value": true,
      "centroid": [
        1.8571428571428572,
        0.8571428571428571
      ],
      "boundary_states": [
        0,
        4,
        8,
        9,
        10,
        13,
        14
      ],
      "avg_value": 0.7154863174425501
    },
    {
      "id": 3,
      "level": 0.5728700626435967,
      "states": [
        9,
        10,
        13,
        14
      ],
      "size": 4,
      "value_range": [
        0.603420666630558,
        0.9547834377393281
      ],
      "is_high_value": true,
      "centroid": [
        2.5,
        1.5
      ],
      "boundary_states": [
        9,
        10,
        13,
        14
      ],
      "avg_value": 0.779102052184943
    },
    {
      "id": 4,
      "level": 0.7638267501914624,
      "states": [
        14
      ],
      "size": 1,
      "value_range": [
        0.9547834377393281,
        0.9547834377393281
      ],
      "is_high_value": true,
      "centroid": [
        3.0,
        2.0
      ],
      "boundary_states": [
        14
      ],
      "avg_value": 0.9547834377393281
    }
  ],
  "state_to_cluster": {
    "0": 2,
    "1": 1,
    "4": 2,
    "2": 1,
    "5": 0,
    "8": 2,
    "3": 0,
    "6": 1,
    "9": 3,
    "12": 0,
    "7": 0,
    "10": 3,
    "13": 3,
    "11": 0,
    "14": 4,
    "15": 0
  }
}