{
  "ppo_clusters": 12,
  "a2c_clusters": 12,
  "refinement_clusters": 47,
  "agreement_rate": 0.3404255319148936,
  "q_refinement": [
    [
      3.752418279647827,
      3.5513651371002197,
      3.036761522293091,
      4.92191219329834
    ],
    [
      3.7451047897338867,
      4.78013801574707,
      3.62038516998291,
      5.1936540603637695
    ],
    [
      4.108344078063965,
      5.119809627532959,
      5.000507354736328,
      5.064090728759766
    ],
    [
      3.77813982963562,
      4.868409156799316,
      4.121236324310303,
      4.662992477416992
    ],
    [
      4.096975326538086,
      4.8847737312316895,
      5.030065536499023,
      4.579080581665039
    ],
    [
      4.099522113800049,
      4.905595302581787,
      5.030926704406738,
      4.818671703338623
    ],
    [
      2.0863418579101562,
      1.4127836227416992,
      2.8595986366271973,
      1.321222186088562
    ],
    [
      2.347073554992676,
      2.2427334785461426,
      2.302800178527832,
      1.2288638353347778
    ],
    [
      2.5160584449768066,
      2.7022008895874023,
      2.9441452026367188,
      1.5338103771209717
    ],
    [
      2.295074939727783,
      1.2045819759368896,
      1.0854663848876953,
      1.5006186962127686
    ],
    [
      3.791625738143921,
      4.879019260406494,
      3.7639265060424805,
      5.2116899490356445
    ],
    [
      4.092968940734863,
      4.906165599822998,
      4.74578332901001,
      4.923022747039795
    ],
    [
      3.855996608734131,
      2.8804519176483154,
      2.789757013320923,
      3.9880638122558594
    ],
    [
      4.029507160186768,
      4.424832820892334,
      3.1615049839019775,
      4.289192199707031
    ],
    [
      3.9822568893432617,
      4.324246406555176,
      3.1870713233947754,
      3.861191511154175
    ],
    [
      4.070253849029541,
      4.528133392333984,
      3.759143590927124,
      4.443958759307861
    ],
    [
      3.8793773651123047,
      3.7965378761291504,
      3.131080150604248,
      3.580324649810791
    ],
    [
      3.93048357963562,
      3.8376078605651855,
      3.8387763500213623,
      3.7142441272735596
    ],
    [
      1.9633111953735352,
      0.698108971118927,
      2.1691324710845947,
      1.3140803575515747
    ],
    [
      1.4839836359024048,
      2.5497193336486816,
      2.5979206562042236,
      1.4773681163787842
    ],
    [
      3.9350616931915283,
      4.995809078216553,
      4.327983856201172,
      4.876856803894043
    ],
    [
      4.060754776000977,
      5.009098529815674,
      4.937662124633789,
      4.963670253753662
    ],
    [
      3.9372754096984863,
      4.817894458770752,
      4.750471591949463,
      4.749536991119385
    ],
    [
      3.9443721771240234,
      4.767711639404297,
      4.570813179016113,
      4.5929388999938965
    ],
    [
      0.7075060606002808,
      -0.2538708448410034,
      0.03570696711540222,
      1.0819393396377563
    ],
    [
      3.0503382682800293,
      1.0597586631774902,
      1.0606598854064941,
      1.3173305988311768
    ],
    [
      3.792351245880127,
      4.052411079406738,
      3.1756198406219482,
      4.60514497756958
    ],
    [
      3.913435935974121,
      4.561342239379883,
      3.523369789123535,
      4.338633060455322
    ],
    [
      3.857658624649048,
      4.724553108215332,
      3.6694819927215576,
      4.597995281219482
    ],
    [
      1.8552711009979248,
      2.028059482574463,
      1.081451177597046,
      1.0839154720306396
    ],
    [
      2.7660317420959473,
      1.7590993642807007,
      0.9834597110748291,
      1.1845436096191406
    ],
    [
      3.8237195014953613,
      4.255006790161133,
      3.390709161758423,
      4.245439529418945
    ],
    [
      3.8926634788513184,
      4.138088226318359,
      4.3071393966674805,
      4.05898380279541
    ],
    [
      1.546183705329895,
      -0.05453753471374512,
      -0.035917043685913086,
      1.3138442039489746
    ],
    [
      2.7524476051330566,
      0.8071573972702026,
      0.7936171293258667,
      0.966934859752655
    ],
    [
      3.8856241703033447,
      4.90482234954834,
      3.9364142417907715,
      4.773738861083984
    ],
    [
      1.9066712856292725,
      1.9372572898864746,
      0.09804704785346985,
      0.7708287835121155
    ],
    [
      3.674252986907959,
      4.549851894378662,
      3.5564403533935547,
      4.581316947937012
    ],
    [
      2.7759339809417725,
      3.0852532386779785,
      3.4898574352264404,
      2.4950549602508545
    ],
    [
      3.977531909942627,
      4.893670558929443,
      4.931905746459961,
      4.680487632751465
    ],
    [
      0.5907370448112488,
      2.3938846588134766,
      0.6826881170272827,
      0.5592161417007446
    ],
    [
      1.7370972633361816,
      1.4951164722442627,
      2.8797855377197266,
      3.018157482147217
    ],
    [
      3.7630743980407715,
      3.7840585708618164,
      3.0382370948791504,
      3.7812886238098145
    ],
    [
      1.5723679065704346,
      1.347804069519043,
      2.5913634300231934,
      1.1872522830963135
    ],
    [
      1.1099326610565186,
      1.3167731761932373,
      2.6532468795776367,
      1.0303956270217896
    ],
    [
      1.6569592952728271,
      2.0666391849517822,
      3.1060285568237305,
      1.727823257446289
    ],
    [
      1.2319507598876953,
      2.1072120666503906,
      2.249852180480957,
      1.1974369287490845
    ]
  ],
  "policy_evaluation": {
    "PPO": {
      "mean_reward": 8.169015358571114,
      "std_reward": 34.81063986796019,
      "success_rate": 0.0,
      "min_reward": -139.32493710912303,
      "max_reward": 61.47194099994684
    },
    "A2C": {
      "mean_reward": -3.1147262031851137,
      "std_reward": 32.966728056737416,
      "success_rate": 0.01,
      "min_reward": -63.24333543160226,
      "max_reward": 248.73426724546363
    },
    "Superior": {
      "mean_reward": -256.7211495013814,
      "std_reward": 116.33097802812402,
      "success_rate": 0.0,
      "min_reward": -558.1291229379838,
      "max_reward": 26.079957463521538
    }
  }
}