{
  "final_success_rate": 0.45,
  "cluster_sizes": {
    "0": 10,
    "1": 2,
    "2": 1,
    "3": 3
  },
  "cluster_values": {
    "0": 0.9152667485159417,
    "1": 1.5638715099801614,
    "2": 0.9135291245608724,
    "3": 0.6493020210237506
  },
  "num_trajectories": 205,
  "avg_trajectory_length": 13.941463414634146
}