{
  "name": "MonteCarlo",
  "n_clusters": 4,
  "clusters": [
    {
      "id": 0,
      "action": 0,
      "states": [
        2,
        3,
        5,
        6,
        7,
        10,
        11,
        15
      ],
      "size": 8,
      "centroid": [
        1.25,
        2.375
      ],
      "value_sum": 0.5729172900710605,
      "avg_value": 0.07161466125888256,
      "boundary_states": [
        2,
        10,
        5,
        15
      ]
    },
    {
      "id": 1,
      "action": 0,
      "states": [
        12
      ],
      "size": 1,
      "centroid": [
        3.0,
        0.0
      ],
      "value_sum": 0.0,
      "avg_value": 0.0,
      "boundary_states": [
        12
      ]
    },
    {
      "id": 2,
      "action": 1,
      "states": [
        13,
        14
      ],
      "size": 2,
      "centroid": [
        3.0,
        1.5
      ],
      "value_sum": 0.9400640990058055,
      "avg_value": 0.4700320495029027,
      "boundary_states": [
        13,
        14
      ]
    },
    {
      "id": 3,
      "action": 2,
      "states": [
        0,
        1,
        4,
        8,
        9
      ],
      "size": 5,
      "centroid": [
        1.0,
        0.4
      ],
      "value_sum": 0.42806808429609366,
      "avg_value": 0.08561361685921873,
      "boundary_states": [
        1,
        4,
        8,
        9
      ]
    }
  ],
  "state_to_cluster": {
    "2": 0,
    "3": 0,
    "6": 0,
    "7": 0,
    "10": 0,
    "5": 0,
    "11": 0,
    "15": 0,
    "12": 1,
    "13": 2,
    "14": 2,
    "0": 3,
    "1": 3,
    "4": 3,
    "8": 3,
    "9": 3
  },
  "policy": {
    "0": 2,
    "1": 2,
    "2": 0,
    "3": 0,
    "4": 2,
    "5": 0,
    "6": 0,
    "7": 0,
    "8": 2,
    "9": 2,
    "10": 0,
    "11": 0,
    "12": 0,
    "13": 1,
    "14": 1,
    "15": 0
  },
  "state_values": {
    "0": 0.04264130491273057,
    "1": 0.04433953336355121,
    "2": 0.09311022967345206,
    "3": 0.0,
    "4": 0.04286151248008029,
    "5": 0.0,
    "6": 0.14353537586673185,
    "7": 0.0,
    "8": 0.08932148211226348,
    "9": 0.2089042514274681,
    "10": 0.33627168453087664,
    "11": 0.0,
    "12": 0.0,
    "13": 0.29057912046503287,
    "14": 0.6494849785407726,
    "15": 0.0
  },
  "grid_size": 4,
  "action_mapping": {
    "0": "LEFT",
    "1": "DOWN",
    "2": "RIGHT",
    "3": "UP"
  }
}