{
  "name": "A2C",
  "n_clusters": 12,
  "clusters": [
    {
      "id": 0,
      "centroid": [
        -0.08170250803232193,
        0.511748194694519,
        -0.06013050675392151,
        -1.1944414377212524,
        -0.23082315921783447,
        0.0767800360918045,
        0.025291139259934425,
        -0.01507263071835041
      ],
      "size": 1799,
      "action_distribution": {
        "0": 0.18788215675375208,
        "1": 0.20122290161200668,
        "2": 0.4613674263479711,
        "3": 0.14952751528627015
      },
      "dominant_action": 2,
      "value_mean": 0.8641659811909428,
      "value_std": 0.35196908726338483,
      "value_range": [
        0.21281296014785767,
        1.6323236227035522
      ],
      "spread": 0.32587772607803345,
      "max_distance": 0.7772462368011475
    },
    {
      "id": 1,
      "centroid": [
        0.02753307670354843,
        1.5010581016540527,
        0.0804080069065094,
        -0.2023511528968811,
        -0.043802082538604736,
        -0.07644299417734146,
        0.02686319686472416,
        -0.014395812526345253
      ],
      "size": 2475,
      "action_distribution": {
        "0": 0.39595959595959596,
        "1": 0.18181818181818182,
        "2": 0.00040404040404040404,
        "3": 0.4218181818181818
      },
      "dominant_action": 3,
      "value_mean": 1.5450622554258866,
      "value_std": 0.09008038187976238,
      "value_range": [
        1.3080192804336548,
        1.739797592163086
      ],
      "spread": 0.427042692899704,
      "max_distance": 1.0824652910232544
    },
    {
      "id": 2,
      "centroid": [
        0.42006802558898926,
        -0.0061872005462646484,
        0.4477488100528717,
        -1.517448902130127,
        0.08562786877155304,
        -0.46429765224456787,
        0.31508907675743103,
        0.762732982635498
      ],
      "size": 107,
      "action_distribution": {
        "0": 0.028037383177570093,
        "1": 0.1588785046728972,
        "2": 0.7757009345794392,
        "3": 0.037383177570093455
      },
      "dominant_action": 2,
      "value_mean": -0.25744690968890055,
      "value_std": 0.09763871406810573,
      "value_range": [
        -0.5616230368614197,
        -0.06704091280698776
      ],
      "spread": 0.7838231921195984,
      "max_distance": 2.2835679054260254
    },
    {
      "id": 3,
      "centroid": [
        0.2996026575565338,
        0.5192223191261292,
        0.6133328676223755,
        -1.1843212842941284,
        0.058202266693115234,
        0.09471547603607178,
        -0.021753443405032158,
        0.019055679440498352
      ],
      "size": 1731,
      "action_distribution": {
        "0": 0.15655690352397458,
        "1": 0.1779318313113807,
        "2": 0.4696707105719237,
        "3": 0.19584055459272098
      },
      "dominant_action": 2,
      "value_mean": 0.7352462160895492,
      "value_std": 0.42147390921724753,
      "value_range": [
        -0.19002291560173035,
        1.5677050352096558
      ],
      "spread": 0.3430637717247009,
      "max_distance": 0.7291417121887207
    },
    {
      "id": 4,
      "centroid": [
        -0.010157753713428974,
        1.0091756582260132,
        -0.00576329231262207,
        -0.7409961223602295,
        -0.14051726460456848,
        -0.07687026262283325,
        -0.01454598642885685,
        0.0036221984773874283
      ],
      "size": 1650,
      "action_distribution": {
        "0": 0.3490909090909091,
        "1": 0.39515151515151514,
        "2": 0.08363636363636363,
        "3": 0.17212121212121212
      },
      "dominant_action": 1,
      "value_mean": 1.5555788506883563,
      "value_std": 0.09102139938598072,
      "value_range": [
        1.1629981994628906,
        1.7324864864349365
      ],
      "spread": 0.31378039717674255,
      "max_distance": 0.8741225600242615
    },
    {
      "id": 5,
      "centroid": [
        0.15800684690475464,
        1.1273751258850098,
        0.3330467641353607,
        -0.5837843418121338,
        0.01385408639907837,
        -0.0068465331569314,
        -0.0049788448959589005,
        -0.009846789762377739
      ],
      "size": 1513,
      "action_distribution": {
        "0": 0.37937871777924653,
        "1": 0.3588896232650364,
        "2": 0.02775941837409121,
        "3": 0.2339722405816259
      },
      "dominant_action": 0,
      "value_mean": 1.6158986245254294,
      "value_std": 0.0797234233320114,
      "value_range": [
        1.2847198247909546,
        1.7993217706680298
      ],
      "spread": 0.39586132764816284,
      "max_distance": 0.8084595799446106
    },
    {
      "id": 6,
      "centroid": [
        -0.22592374682426453,
        0.18066257238388062,
        -0.035740382969379425,
        -0.8889829516410828,
        -0.19497337937355042,
        0.5915412902832031,
        0.7033852934837341,
        0.24369777739048004
      ],
      "size": 181,
      "action_distribution": {
        "0": 0.03314917127071823,
        "1": 0.055248618784530384,
        "2": 0.7348066298342542,
        "3": 0.17679558011049723
      },
      "dominant_action": 2,
      "value_mean": 0.035673872048024975,
      "value_std": 0.07184450807074202,
      "value_range": [
        -0.21751150488853455,
        0.2471419870853424
      ],
      "spread": 0.7829828262329102,
      "max_distance": 1.8605130910873413
    },
    {
      "id": 7,
      "centroid": [
        -0.2653171420097351,
        0.49758580327033997,
        -0.3908863961696625,
        -1.2210590839385986,
        -0.37457436323165894,
        0.05766395106911659,
        0.03695066273212433,
        -0.03285442292690277
      ],
      "size": 1157,
      "action_distribution": {
        "0": 0.1676750216076059,
        "1": 0.2497839239412273,
        "2": 0.5203111495246326,
        "3": 0.06222990492653414
      },
      "dominant_action": 2,
      "value_mean": 0.8836601817257567,
      "value_std": 0.30573862630913484,
      "value_range": [
        0.19877564907073975,
        1.5996592044830322
      ],
      "spread": 0.3777695596218109,
      "max_distance": 1.3148311376571655
    },
    {
      "id": 8,
      "centroid": [
        0.040693819522857666,
        -0.2217157483100891,
        0.11111053824424744,
        -1.0646255016326904,
        -0.028673499822616577,
        0.12120741605758667,
        1.0432045459747314,
        0.9505729675292969
      ],
      "size": 145,
      "action_distribution": {
        "0": 0.034482758620689655,
        "1": 0.06206896551724138,
        "2": 0.7862068965517242,
        "3": 0.11724137931034483
      },
      "dominant_action": 2,
      "value_mean": -0.10648028665575487,
      "value_std": 0.051012074787498196,
      "value_range": [
        -0.27884453535079956,
        0.04125770181417465
      ],
      "spread": 0.5062556862831116,
      "max_distance": 1.4592069387435913
    },
    {
      "id": 9,
      "centroid": [
        -0.24397088587284088,
        0.9231386780738831,
        -0.4797501266002655,
        -0.8834929466247559,
        -0.3472698926925659,
        -0.1849214881658554,
        -0.0298610907047987,
        0.017666509374976158
      ],
      "size": 1041,
      "action_distribution": {
        "0": 0.3102785782901057,
        "1": 0.3804034582132565,
        "2": 0.23631123919308358,
        "3": 0.07300672430355427
      },
      "dominant_action": 1,
      "value_mean": 1.4183285750599004,
      "value_std": 0.18948161487400986,
      "value_range": [
        -0.10881923884153366,
        1.690796971321106
      ],
      "spread": 0.3332119882106781,
      "max_distance": 1.5389870405197144
    },
    {
      "id": 10,
      "centroid": [
        0.10557667165994644,
        0.5305425524711609,
        0.2680567502975464,
        -1.1761987209320068,
        -0.08793124556541443,
        0.08013151586055756,
        0.0007850527763366699,
        0.00210666935890913
      ],
      "size": 2101,