{
  "name": "PPO",
  "n_clusters": 12,
  "clusters": [
    {
      "id": 0,
      "centroid": [
        -0.07981902360916138,
        1.4095426797866821,
        -0.2569456696510315,
        -0.32043516635894775,
        -0.19076767563819885,
        -0.2593820095062256,
        -0.016716184094548225,
        0.03579232096672058
      ],
      "size": 1751,
      "action_distribution": {
        "0": 0.1947458595088521,
        "1": 0.2644203312392918,
        "2": 0.001142204454597373,
        "3": 0.5396916047972588
      },
      "dominant_action": 3,
      "value_mean": 3.40354692285773,
      "value_std": 0.31167845373261144,
      "value_range": [
        -0.6988808512687683,
        4.084531307220459
      ],
      "spread": 0.3821151852607727,
      "max_distance": 2.13559889793396
    },
    {
      "id": 1,
      "centroid": [
        0.2542176842689514,
        0.45813003182411194,
        0.44666969776153564,
        -1.111452579498291,
        0.2650567889213562,
        0.2162352204322815,
        -0.03485262393951416,
        0.050513848662376404
      ],
      "size": 1635,
      "action_distribution": {
        "0": 0.12599388379204893,
        "1": 0.10519877675840979,
        "2": 0.6110091743119266,
        "3": 0.1577981651376147
      },
      "dominant_action": 2,
      "value_mean": 2.8844871561233787,
      "value_std": 0.6998898295050674,
      "value_range": [
        -0.9473804831504822,
        3.94608998298645
      ],
      "spread": 0.40419214963912964,
      "max_distance": 2.637925863265991
    },
    {
      "id": 2,
      "centroid": [
        0.3429566025733948,
        -0.021669089794158936,
        -0.04357120767235756,
        -0.8785160183906555,
        0.4780941605567932,
        -0.4101759195327759,
        0.11792580783367157,
        0.7812057733535767
      ],
      "size": 351,
      "action_distribution": {
        "0": 0.1339031339031339,
        "1": 0.20512820512820512,
        "2": 0.6524216524216524,
        "3": 0.008547008547008548
      },
      "dominant_action": 2,
      "value_mean": 0.5960416488370665,
      "value_std": 0.7307695395332982,
      "value_range": [
        -1.628021478652954,
        1.837233066558838
      ],
      "spread": 0.8170329332351685,
      "max_distance": 2.0376455783843994
    },
    {
      "id": 3,
      "centroid": [
        -0.2857564091682434,
        0.5284175872802734,
        -0.36989983916282654,
        -1.1910544633865356,
        -0.43711066246032715,
        0.06567680835723877,
        0.04000028967857361,
        -0.044836245477199554
      ],
      "size": 1219,
      "action_distribution": {
        "0": 0.003281378178835111,
        "1": 0.280557834290402,
        "2": 0.6546349466776046,
        "3": 0.06152584085315833
      },
      "dominant_action": 2,
      "value_mean": 3.62389077174067,
      "value_std": 0.527807043369109,
      "value_range": [
        1.5608419179916382,
        4.600027084350586
      ],
      "spread": 0.36364614963531494,
      "max_distance": 1.487076997756958
    },
    {
      "id": 4,
      "centroid": [
        -0.37081634998321533,
        0.14939111471176147,
        0.2488584816455841,
        -0.7728291749954224,
        -0.40984201431274414,
        0.6719197034835815,
        0.8494046330451965,
        0.2439032793045044
      ],
      "size": 162,
      "action_distribution": {
        "0": 0.2716049382716049,
        "1": 0.04938271604938271,
        "2": 0.6234567901234568,
        "3": 0.05555555555555555
      },
      "dominant_action": 2,
      "value_mean": -0.5805216758155528,
      "value_std": 0.38001599276836306,
      "value_range": [
        -1.4198740720748901,
        1.1035517454147339
      ],
      "spread": 0.6537225246429443,
      "max_distance": 1.6516938209533691
    },
    {
      "id": 5,
      "centroid": [
        -0.036667708307504654,
        1.0826760530471802,
        -0.09022978693246841,
        -0.6355009078979492,
        -0.13019414246082306,
        -0.07643187791109085,
        -0.01657218672335148,
        -0.0011254958808422089
      ],
      "size": 1532,
      "action_distribution": {
        "0": 0.1422976501305483,
        "1": 0.4366840731070496,
        "2": 0.013054830287206266,
        "3": 0.40796344647519583
      },
      "dominant_action": 1,
      "value_mean": 3.82840901737736,
      "value_std": 0.2697190461943465,
      "value_range": [
        3.270850896835327,
        4.435760974884033
      ],
      "spread": 0.33607080578804016,
      "max_distance": 0.928206741809845
    },
    {
      "id": 6,
      "centroid": [
        0.06076714023947716,
        1.5088348388671875,
        0.1386275589466095,
        -0.20732533931732178,
        -0.009985581040382385,
        -0.06403429806232452,
        0.030755624175071716,
        -0.022747401148080826
      ],
      "size": 2031,
      "action_distribution": {
        "0": 0.621861152141802,
        "1": 0.18069916297390448,
        "3": 0.19743968488429345
      },
      "dominant_action": 0,
      "value_mean": 2.7854632585873924,
      "value_std": 0.32209338523294184,
      "value_range": [
        2.1136856079101562,
        3.5988821983337402
      ],
      "spread": 0.39320144057273865,
      "max_distance": 0.9699645638465881
    },
    {
      "id": 7,
      "centroid": [
        0.07160504907369614,
        0.5112631320953369,
        0.15509061515331268,
        -1.1061369180679321,
        0.02751763164997101,
        0.14310699701309204,
        -0.010601270943880081,
        0.02666693553328514
      ],
      "size": 2129,
      "action_distribution": {
        "0": 0.04368248003757633,
        "1": 0.16674495068107092,
        "2": 0.6571160169093471,
        "3": 0.13245655237200563
      },
      "dominant_action": 2,
      "value_mean": 3.434654457404503,
      "value_std": 0.5894708133079462,
      "value_range": [
        1.0634077787399292,
        4.31850528717041
      ],
      "spread": 0.3500961661338806,
      "max_distance": 1.348616600036621
    },
    {
      "id": 8,
      "centroid": [
        -0.07774729281663895,
        -0.2499362826347351,
        0.032983746379613876,
        -0.46549782156944275,
        0.05799536406993866,
        0.058654334396123886,
        0.9296814799308777,
        0.980728030204773
      ],
      "size": 168,
      "action_distribution": {
        "0": 0.49404761904761907,
        "1": 0.08333333333333333,
        "2": 0.4107142857142857,
        "3": 0.011904761904761904
      },
      "dominant_action": 0,
      "value_mean": -0.5969003756042748,
      "value_std": 0.49498374557732483,
      "value_range": [
        -2.3736696243286133,
        1.0492143630981445
      ],
      "spread": 0.7236851453781128,
      "max_distance": 1.9467217922210693
    },
    {
      "id": 9,
      "centroid": [
        0.12326692789793015,
        1.057640790939331,
        0.30556878447532654,
        -0.6351873874664307,
        0.07733416557312012,
        0.12237976491451263,
        0.008303506299853325,
        -0.043662190437316895
      ],
      "size": 1541,
      "action_distribution": {
        "0": 0.4133679428942245,
        "1": 0.3679428942245295,
        "2": 0.010382868267358857,
        "3": 0.20830629461388708
      },
      "dominant_action": 0,
      "value_mean": 3.360008553047601,
      "value_std": 0.3451756065245569,
      "value_range": [
        2.392747163772583,
        4.066203594207764
      ],
      "spread": 0.36246243119239807,
      "max_distance": 0.7003241777420044
    },
    {
      "id": 10,
      "centroid": [
        -0.10494574159383774,
        0.5265344381332397,
        -0.10286828130483627,
        -1.1402753591537476,
        -0.20191529393196106,
        0.10445356369018555,
        0.01633170060813427,
        -0.008305210620164871
      ],
      "size": 2259,
      "action_distribution": {
        "0": 0.01195219123505976,
        "1": 0.22355024347056218,
        "2": 0.6688800354139,