{
  "clusters": {
    "0": {
      "id": 0,
      "action": 0,
      "states": [
        0,
        4,
        5
      ],
      "size": 3,
      "value_sum": 1.1264788397603436,
      "avg_value": 0.3754929465867812,
      "centroid": [
        0.6666666666666666,
        0.3333333333333333
      ],
      "boundary_states": [
        0,
        4,
        5
      ]
    },
    "1": {
      "id": 1,
      "action": 0,
      "states": [
        2,
        3,
        7,
        10,
        11,
        15
      ],
      "size": 6,
      "value_sum": 1.1112919877567395,
      "avg_value": 0.18521533129278991,
      "centroid": [
        1.3333333333333333,
        2.6666666666666665
      ],
      "boundary_states": [
        2,
        7,
        10,
        15
      ]
    },
    "2": {
      "id": 2,
      "action": 0,
      "states": [
        12
      ],
      "size": 1,
      "value_sum": 0.0,
      "avg_value": 0.0,
      "centroid": [
        3.0,
        0.0
      ],
      "boundary_states": [
        12
      ]
    },
    "3": {
      "id": 3,
      "action": 1,
      "states": [
        9
      ],
      "size": 1,
      "value_sum": 0.6571180286456005,
      "avg_value": 0.6571180286456005,
      "centroid": [
        2.0,
        1.0
      ],
      "boundary_states": [
        9
      ]
    },
    "4": {
      "id": 4,
      "action": 1,
      "states": [
        14
      ],
      "size": 1,
      "value_sum": 0.8830389502050517,
      "avg_value": 0.8830389502050517,
      "centroid": [
        3.0,
        2.0
      ],
      "boundary_states": [
        14
      ]
    },
    "5": {
      "id": 5,
      "action": 2,
      "states": [
        6
      ],
      "size": 1,
      "value_sum": 0.29887175623033796,
      "avg_value": 0.29887175623033796,
      "centroid": [
        1.0,
        2.0
      ],
      "boundary_states": [
        6
      ]
    },
    "6": {
      "id": 6,
      "action": 2,
      "states": [
        13
      ],
      "size": 1,
      "value_sum": 0.770258305991171,
      "avg_value": 0.770258305991171,
      "centroid": [
        3.0,
        1.0
      ],
      "boundary_states": [
        13
      ]
    },
    "7": {
      "id": 7,
      "action": 3,
      "states": [
        1
      ],
      "size": 1,
      "value_sum": 0.44009583647971795,
      "avg_value": 0.44009583647971795,
      "centroid": [
        0.0,
        1.0
      ],
      "boundary_states": [
        1
      ]
    },
    "8": {
      "id": 8,
      "action": 3,
      "states": [
        8
      ],
      "size": 1,
      "value_sum": 0.6132818622605756,
      "avg_value": 0.6132818622605756,
      "centroid": [
        2.0,
        0.0
      ],
      "boundary_states": [
        8
      ]
    }
  },
  "deterministic_policy": {
    "0": 0,
    "1": 3,
    "2": 0,
    "3": 0,
    "4": 0,
    "5": 0,
    "6": 2,
    "7": 0,
    "8": 3,
    "9": 1,
    "10": 0,
    "11": 0,
    "12": 0,
    "13": 2,
    "14": 1,
    "15": 0
  },
  "state_values": {
    "0": 0.5508192857855527,
    "1": 0.44009583647971795,
    "2": 0.38234453050552286,
    "3": 0.145817602363912,
    "4": 0.5756595539747907,
    "5": 0.0,
    "6": 0.29887175623033796,
    "7": 0.0,
    "8": 0.6132818622605756,
    "9": 0.6571180286456005,
    "10": 0.5831298548873048,
    "11": 0.0,
    "12": 0.0,
    "13": 0.770258305991171,
    "14": 0.8830389502050517,
    "15": 0.0
  },
  "optimal_path": [
    0,
    8,
    3,
    1
  ],
  "path_probabilities": [
    0.1788931788931789,
    0.6782178217821783,
    0.43258426966292135
  ],
  "parameters": {
    "map_name": "4x4",
    "is_slippery": true,
    "temperature": 1.0
  }
}