return,length
-4.091005719912228,100
-3.1543890709106135,100
11.77503795236604,100
-6.049676972865035,100
-6.8703841792928735,100
